{"cameraMode":{"drawMode":0,"name":"Shaded","section":"Shading Mode"},"sceneLighting":false,"audioPlay":false,"sceneViewState":{"showFog":true,"showMaterialUpdate":false,"showSkybox":true,"showFlares":true,"showImageEffects":true,"showParticleSystems":true},"in2DMode":false,"pivot":{"x":2.205566883087158,"y":-0.9523965120315552,"z":0.7891886234283447},"rotation":{"x":-0.14921069145202638,"y":-0.6741125583648682,"z":0.14178267121315003,"w":-0.7093907594680786},"size":3.8292315006256105,"orthographic":false}