{"cameraMode":{"drawMode":0,"name":"Shaded","section":"Shading Mode"},"sceneLighting":false,"audioPlay":false,"sceneViewState":{"showFog":true,"showMaterialUpdate":false,"showSkybox":true,"showFlares":true,"showImageEffects":true,"showParticleSystems":true},"in2DMode":false,"pivot":{"x":-0.5796076059341431,"y":2.844054937362671,"z":-0.3787696957588196},"rotation":{"x":-0.37321868538856509,"y":-0.5321354866027832,"z":0.28131741285324099,"w":-0.7059758901596069},"size":3.529231548309326,"orthographic":false}