{"cameraMode":{"drawMode":0,"name":"Shaded","section":"Shading Mode"},"sceneLighting":false,"audioPlay":false,"sceneViewState":{"showFog":true,"showMaterialUpdate":false,"showSkybox":true,"showFlares":true,"showImageEffects":true,"showParticleSystems":true},"in2DMode":false,"pivot":{"x":0.5285768508911133,"y":1.548575758934021,"z":-2.196455717086792},"rotation":{"x":-0.2833554744720459,"y":0.07957319170236588,"z":-0.023624954745173456,"w":-0.9554406404495239},"size":2.2578840255737306,"orthographic":false}