{"cameraMode":{"drawMode":0,"name":"Shaded","section":"Shading Mode"},"sceneLighting":true,"audioPlay":false,"sceneViewState":{"showFog":true,"showMaterialUpdate":false,"showSkybox":true,"showFlares":true,"showImageEffects":true,"showParticleSystems":true},"in2DMode":false,"pivot":{"x":2.913952112197876,"y":-0.9249186515808106,"z":3.723991870880127},"rotation":{"x":-0.2613382637500763,"y":0.2916211783885956,"z":-0.08317258208990097,"w":-0.9163886904716492},"size":4.662252902984619,"orthographic":false}