{"cameraMode":{"drawMode":0,"name":"Shaded","section":"Shading Mode"},"sceneLighting":false,"audioPlay":false,"sceneViewState":{"showFog":true,"showMaterialUpdate":false,"showSkybox":true,"showFlares":true,"showImageEffects":true,"showParticleSystems":true},"in2DMode":false,"pivot":{"x":-1.5260080099105836,"y":6.418976783752441,"z":1.143985390663147},"rotation":{"x":-0.3909677565097809,"y":-0.6088064908981323,"z":0.47721198201179507,"w":-0.49879395961761477},"size":0.07076811790466309,"orthographic":false}