{"cameraMode":{"drawMode":0,"name":"Shaded","section":"Shading Mode"},"sceneLighting":false,"audioPlay":false,"sceneViewState":{"showFog":true,"showMaterialUpdate":false,"showSkybox":true,"showFlares":true,"showImageEffects":true,"showParticleSystems":true},"in2DMode":false,"pivot":{"x":-0.7856408953666687,"y":0.47831571102142336,"z":-0.7789855003356934},"rotation":{"x":0.017818203195929529,"y":0.9781503677368164,"z":-0.1843770444393158,"w":0.09448771178722382},"size":4.600744724273682,"orthographic":false}